"Context","Baseline","Improved","Gain"
"Good.for.Party",0.459489660733829,0.459489660733829,0
"Good.for.Work.Study",0.589802305167545,0.589802305167545,0
"Good.for.Relaxation.Meditation",0.524935467217346,0.524935467217346,0
"Good.for.Exercise",0.56595156143309,0.56595156143309,0
"Good.for.Running",0.439433989717722,0.439433989717722,0
"Good.for.Driving",0.389370041778153,0.389370041778153,0
"Good.for.Yoga.Stretching",0.5,0.5,0
"Good.for.Social.Gatherings",0.319610687945835,0.319610687945835,0
"Good.for.Morning.Routine",0.36529458751681,0.36529458751681,0
